FormulaID,Flavor,is_classic_milk,is_fruit_flavor,cocoa_beans,cocoa_butter,palm_oil,whole_milk_powder,beetroot_sugar,soy_lecithin,artificial_vanilla_aroma,natural_vanilla_aroma,natural_flavor,Energy_kcal,protein,fat,SFA,carbohydrates,Total_sugars,Salt,total_cocoa_pct,milk_sugar_ratio,flavor_intensity,unsaturated_fat_pct,fat_quality_index,sweetness_ratio,cocoa_intensity,dairy_content,premium_score,flavor_complexity,conching_temperature_c,conching_time_min,tempering_temperature_c,cooling_rate_c_per_min,mixing_speed_rpm,refining_passes,grinding_fineness_micron,processing_humidity_pct,ambient_temperature_c,processing_intensity_factor,oxidation_risk_index,fat_stability_score,thermal_stress_index,moisture_risk_index,hygroscopic_ingredient_score,water_binding_capacity,bloom_susceptibility,fat_migration_risk,crystal_stability_index,maillard_risk,amino_sugar_interaction,browning_potential,thermal_damage_index,mechanical_stress,process_severity_score,composite_stability_index,overall_stability_score,antioxidant_protection,fat_crystal_protection,emulsifier_stabilization,total_protective_effect,fat_bloom_predictor,color_degradation_predictor,texture_failure_predictor,flavor_degradation_predictor,moisture_fat_interaction,temperature_composition_interaction,protein_sugar_browning,hardness_newtons,snap_force_newtons,viscosity_pas,color_l_value,color_a_value,color_b_value,gloss_units,sweetness_score,bitterness_score,creaminess_score,overall_flavor_balance,texture_liking,overall_preference,fat_bloom_severity,sugar_bloom_severity,color_delta_e,hardness_change_pct,peroxide_value,free_fatty_acids,water_activity,moisture_content_pct,overall_acceptability,shelf_life_exceeded,particle_size_d50_micron
form-000000001,Classic Milk Original,1,0,15,29,0.0,15.65,40.0,0.3,0.05,0,0.0,553.95,4.068,42.78,27.58,42.39,40.59,0.15,44,0.391,0.05,15.2,0.645,0.476,0.44,23.786,0.88,0,75,180,31.8,2.0,30.0,3.0,20.0,55.0,22.0,0.27,23.56,1.813,0.155,2.104,55.95,55.9,68.33,0.0,2.0,1.651,626.0,1.72,27.0,162.0,94.5,14.386,6.494,12.0,10,6.0,9.333,68.33,2.099,11.769,19.767,4.948,156.017,0.256,48.0,28.0,6.14,45.6,11.0,21.0,95.0,4.9,5.9,6.9,4.6,6.6,3.6,5,1,2.4,9.4,1.8,3.069,0.553,1.29,4.5,1,16.9
form-000000002,Mango Original,0,1,15,29,0.0,40.0,15.65,0.3,0.01,0,0.04,573.6,10.4,42.78,27.58,22.45,15.76,0.15,44,2.556,0.05,15.2,0.645,0.262,0.44,60.8,0.96,1,75,180,31.8,2.0,30.0,3.0,20.0,55.0,22.0,0.27,23.56,1.813,0.155,3.674,56.25,58.44,68.33,0.0,2.0,1.638,626.0,2.725,27.0,162.0,94.5,24.088,3.992,12.8,10,6.0,9.6,68.33,2.099,20.614,19.767,8.658,156.017,0.256,42.6,28.0,6.96,42.3,11.0,21.9,95.0,3.3,6.0,10.0,5.4,7.2,5.2,5,2,4.01,18.9,3.39,3.447,0.583,2.07,4.3,1,14.8
form-000000003,Cherry Original,0,1,15,29,0.0,40.0,15.65,0.3,0.01,0,0.04,573.6,10.4,42.78,27.58,22.45,15.76,0.15,44,2.556,0.05,15.2,0.645,0.262,0.44,60.8,0.96,1,75,180,31.8,2.0,30.0,3.0,20.0,55.0,22.0,0.27,23.56,1.813,0.155,3.674,56.25,58.44,68.33,0.0,2.0,1.638,626.0,2.725,27.0,162.0,94.5,24.088,3.992,12.8,10,6.0,9.6,68.33,2.099,20.614,19.767,8.658,156.017,0.256,45.3,28.0,5.79,42.9,11.4,23.2,95.0,2.8,6.6,10.0,5.2,5.9,4.0,5,3,3.27,19.2,4.39,4.0,0.587,2.3,3.0,1,19.2
form-000000004,Blackberry Original,0,1,15,29,0.0,40.0,15.65,0.3,0.01,0,0.04,573.6,10.4,42.78,27.58,22.45,15.76,0.15,44,2.556,0.05,15.2,0.645,0.262,0.44,60.8,0.96,1,75,180,31.8,2.0,30.0,3.0,20.0,55.0,22.0,0.27,23.56,1.813,0.155,3.674,56.25,58.44,68.33,0.0,2.0,1.638,626.0,2.725,27.0,162.0,94.5,24.088,3.992,12.8,10,6.0,9.6,68.33,2.099,20.614,19.767,8.658,156.017,0.256,48.0,24.6,6.2,41.9,12.5,23.1,95.0,3.3,5.8,10.0,6.0,7.8,4.3,4,2,3.51,18.8,5.01,2.992,0.589,2.09,3.5,1,14.5
form-000000005,Strawberry Original,0,1,15,29,0.0,40.0,15.65,0.3,0.01,0,0.04,573.6,10.4,42.78,27.58,22.45,15.76,0.15,44,2.556,0.05,15.2,0.645,0.262,0.44,60.8,0.96,1,75,180,31.8,2.0,30.0,3.0,20.0,55.0,22.0,0.27,23.56,1.813,0.155,3.674,56.25,58.44,68.33,0.0,2.0,1.638,626.0,2.725,27.0,162.0,94.5,24.088,3.992,12.8,10,6.0,9.6,68.33,2.099,20.614,19.767,8.658,156.017,0.256,42.3,28.0,6.01,44.0,11.2,20.7,95.0,3.1,6.7,10.0,6.4,7.4,4.5,4,2,3.73,18.1,2.72,2.378,0.575,2.41,2.9,1,14.2
form-000000006,Orange Original,0,1,15,29,0.0,40.0,15.65,0.3,0.01,0,0.04,573.6,10.4,42.78,27.58,22.45,15.76,0.15,44,2.556,0.05,15.2,0.645,0.262,0.44,60.8,0.96,1,75,180,31.8,2.0,30.0,3.0,20.0,55.0,22.0,0.27,23.56,1.813,0.155,3.674,56.25,58.44,68.33,0.0,2.0,1.638,626.0,2.725,27.0,162.0,94.5,24.088,3.992,12.8,10,6.0,9.6,68.33,2.099,20.614,19.767,8.658,156.017,0.256,42.3,28.0,6.45,45.2,12.3,23.4,95.0,2.5,6.1,10.0,6.2,6.3,3.5,5,2,3.66,19.3,3.96,2.707,0.627,1.82,2.9,1,17.8
form-000000007,Passion Fruit Original,0,1,15,29,0.0,40.0,15.65,0.3,0.01,0,0.04,573.6,10.4,42.78,27.58,22.45,15.76,0.15,44,2.556,0.05,15.2,0.645,0.262,0.44,60.8,0.96,1,75,180,31.8,2.0,30.0,3.0,20.0,55.0,22.0,0.27,23.56,1.813,0.155,3.674,56.25,58.44,68.33,0.0,2.0,1.638,626.0,2.725,27.0,162.0,94.5,24.088,3.992,12.8,10,6.0,9.6,68.33,2.099,20.614,19.767,8.658,156.017,0.256,48.0,28.0,8.16,46.2,10.8,23.2,95.0,3.7,5.6,10.0,5.3,7.3,3.9,5,2,3.93,19.8,3.27,1.52,0.534,2.11,2.7,1,17.2
F001,Light Sweet,0,0,8,22,2.0,10.0,50.0,0.25,0.02,0,0.0,548.2,2.6,38.4,24.6,48.8,47.2,0.15,30,0.2,0.02,13.8,0.641,0.625,0.3,30.4,0.6,0,65,120,31.5,1.5,25.0,2.0,18.0,50.0,20.0,0.078,21.523,1.783,0.113,2.826,60.25,42.88,57.81,0.089,1.455,1.226,500.0,2.1,23.4,60.0,41.7,17.628,5.319,6.4,10,5.0,7.133,57.81,1.32,17.018,18.046,6.088,80.016,0.021,44.4,25.9,4.98,48.7,10.7,23.6,95.0,7.0,3.5,6.8,3.4,8.0,5.0,4,2,2.9,13.8,3.48,2.057,0.525,1.36,4.2,1,16.3
F002,Creamy Milk,0,0,12,26,1.0,20.0,35.0,0.35,0.03,0,0.01,559.8,5.2,40.2,25.4,38.6,35.8,0.15,38,0.571,0.04,14.8,0.632,0.479,0.38,30.4,0.76,1,70,150,31.6,1.8,28.0,2.5,19.0,52.0,21.0,0.15,23.422,1.717,0.136,2.995,55.35,49.48,62.19,0.038,1.73,1.568,700.0,2.585,28.5,75.0,51.75,18.747,5.093,8.4,10,7.0,8.467,62.19,1.645,16.616,19.606,7.016,88.002,0.032,41.4,28.0,6.73,48.1,11.9,23.7,95.0,4.9,4.6,8.1,6.7,6.9,4.3,4,2,3.59,17.5,5.8,2.463,0.556,1.7,3.5,1,16.6
F003,Balanced Sweet,0,0,15,29,0.0,15.0,38.0,0.3,0.04,0,0.02,570.1,6.15,41.8,26.2,40.2,37.8,0.15,44,0.395,0.06,15.6,0.627,0.463,0.44,30.4,0.88,1,75,180,31.8,2.0,30.0,3.0,20.0,55.0,22.0,0.27,24.881,1.595,0.166,3.017,53.3,54.58,67.63,0.0,2.0,2.324,570.0,2.944,40.5,108.0,74.25,19.468,4.876,10.0,10,6.0,8.667,67.63,2.533,16.471,21.045,7.515,155.892,0.06,48.0,28.0,5.08,42.2,9.2,23.4,95.0,5.0,6.0,7.8,5.7,7.3,3.8,5,2,3.56,15.3,2.78,2.694,0.516,1.83,4.0,1,16.0
F004,Rich Cocoa,0,0,18,32,0.0,12.0,32.0,0.4,0.035,0,0.025,582.4,7.8,43.6,28.8,35.2,31.6,0.15,50,0.375,0.06,14.8,0.66,0.439,0.5,30.4,1.0,1,80,210,32.0,2.2,32.0,3.5,21.0,58.0,23.0,0.42,22.424,1.946,0.207,3.185,44.4,56.04,64.39,0.0,2.2,2.466,384.0,3.216,50.4,126.0,88.2,20.642,4.611,11.2,10,8.0,9.733,64.39,2.687,14.169,19.005,7.142,172.872,0.083,46.4,28.0,5.76,40.0,10.8,21.6,95.0,5.1,6.3,7.4,6.1,7.5,4.6,4,3,4.51,13.5,3.65,3.22,0.564,1.6,3.9,1,15.0
F005,Premium Dark,0,0,22,35,0.0,8.0,28.0,0.45,0.03,0,0.03,596.8,9.2,45.2,30.4,28.4,26.8,0.15,57,0.286,0.06,14.8,0.673,0.329,0.57,30.4,1.14,1,85,240,32.2,2.5,35.0,4.0,22.0,60.0,24.0,0.612,21.995,2.054,0.251,3.321,37.25,53.92,63.72,0.0,2.5,2.408,224.0,3.276,59.4,144.0,101.7,21.493,4.436,12.4,10,9.0,10.467,63.72,2.818,12.36,18.668,7.298,191.016,0.098,48.0,28.0,6.78,40.0,12.3,20.5,95.0,4.4,7.6,7.3,6.3,7.2,4.7,5,2,4.84,13.1,3.65,2.58,0.62,1.19,4.7,1,16.8
F006,Ultra Premium,0,0,25,38,0.0,5.0,25.0,0.5,0.025,0,0.035,612.4,11.8,47.6,32.8,24.8,23.2,0.15,63,0.2,0.06,14.8,0.689,0.284,0.63,30.4,1.26,1,90,270,32.5,2.8,38.0,4.5,23.0,62.0,25.0,0.864,21.467,2.216,0.3,3.484,25.5,49.84,62.98,0.0,2.8,2.736,125.0,3.444,72.9,166.0,119.45,22.429,4.246,13.6,10,10.0,11.2,62.98,3.09,8.888,18.215,7.827,212.328,0.132,48.0,28.0,5.99,38.6,12.0,24.0,95.0,4.2,8.0,7.4,5.5,8.3,4.4,4,1,4.18,9.8,3.88,4.0,0.57,1.77,3.5,1,16.0
F007,Extra Sweet,0,0,10,20,3.0,8.0,55.0,0.2,0.05,0,0.0,535.6,1.8,35.6,22.4,54.2,52.8,0.15,30,0.145,0.05,13.2,0.629,0.647,0.3,11.6,0.6,0,60,100,31.2,1.2,22.0,2.0,16.0,45.0,18.0,0.0,21.082,1.697,0.084,2.508,63.2,45.84,56.18,0.15,1.2,0.95,440.0,2.812,16.0,44.0,30.0,15.874,5.941,8.0,10,4.0,7.333,56.18,0.988,15.868,17.695,5.302,56.688,0.012,35.4,26.8,5.44,48.8,10.2,21.7,95.0,7.3,3.5,6.1,3.9,7.2,4.8,4,2,3.28,15.7,3.46,2.307,0.553,1.36,4.2,1,14.9
F008,High Cocoa,0,0,28,40,0.0,4.0,20.0,0.55,0.02,0,0.04,625.2,14.4,49.8,34.2,22.4,18.6,0.15,68,0.2,0.06,15.6,0.687,0.227,0.68,32.8,1.36,1,95,300,33.0,3.2,40.0,5.0,24.0,65.0,26.0,1.05,22.705,2.195,0.366,3.668,24.55,45.52,62.24,0.0,3.2,2.678,80.0,3.508,91.2,200.0,145.6,23.518,4.054,14.4,10,11.0,11.8,62.24,3.318,7.408,19.273,8.615,252.48,0.16,47.7,28.0,5.38,34.3,12.0,21.3,95.0,3.5,8.7,8.0,5.2,8.3,3.5,4,2,4.99,8.9,3.57,3.931,0.531,1.87,2.4,1,17.2
F009,Low Sugar Premium,0,0,20,35,0.5,35.0,12.0,0.6,0.015,0,0.045,615.8,16.2,46.4,31.8,18.2,11.8,0.15,55,2.917,0.06,14.6,0.685,0.179,0.55,67.4,1.1,1,88,280,32.8,3.0,38.0,4.8,23.0,63.0,25.0,0.782,21.32,2.178,0.335,4.231,47.6,56.64,63.45,0.009,3.0,3.806,420.0,4.476,76.16,182.4,129.28,24.599,3.886,16.9,10,12.0,12.967,63.45,4.235,19.577,17.986,9.043,242.02,0.2,46.7,28.0,6.03,39.4,12.7,24.5,95.0,2.1,7.1,10.0,5.3,8.3,3.4,4,2,5.96,17.5,2.76,3.24,0.573,2.54,3.1,1,15.4
F010,Creamy Premium,0,0,12,28,1.5,45.0,18.0,0.4,0.01,0,0.05,582.4,18.6,44.2,29.4,22.6,17.2,0.15,40,2.5,0.06,14.8,0.665,0.31,0.4,82.2,0.8,1,72,200,31.9,2.4,32.0,3.2,21.0,54.0,23.0,0.24,22.266,1.988,0.154,4.482,63.4,64.64,64.75,0.054,2.4,3.189,810.0,4.628,43.2,128.0,85.6,25.282,3.797,14.6,10,8.0,10.867,64.75,3.458,29.002,19.302,9.944,149.808,0.076,39.5,27.4,5.69,42.7,12.0,26.7,95.0,2.9,5.6,10.0,5.9,7.5,5.1,4,2,3.96,25.0,3.45,3.06,0.593,2.21,3.9,1,16.3
F011,Milk Chocolate Plus,0,0,16,30,0.8,30.0,22.0,0.35,0.025,0,0.03,595.6,12.8,43.8,28.6,28.8,21.6,0.15,46,1.364,0.055,15.2,0.653,0.324,0.46,55.6,0.92,1,78,220,32.1,2.6,34.0,3.6,22.0,56.0,24.0,0.396,23.282,1.882,0.202,3.96,52.35,59.92,65.75,0.027,2.6,2.765,660.0,4.104,51.48,158.4,104.94,22.694,4.209,13.8,10,7.0,10.267,65.75,2.99,20.708,20.177,9.225,182.952,0.086,47.2,28.0,6.41,43.7,12.8,23.8,95.0,3.6,6.5,10.0,5.0,7.8,4.1,4,3,5.19,17.6,3.26,3.851,0.58,2.18,3.2,1,17.9
F012,Dark Sweet Balance,0,0,24,34,0.0,18.0,26.0,0.45,0.02,0,0.035,608.4,8.6,46.8,32.2,30.4,24.8,0.15,58,0.692,0.055,14.6,0.688,0.31,0.58,35.2,1.16,1,82,250,32.4,2.8,36.0,4.2,23.0,60.0,25.0,0.55,21.222,2.205,0.253,3.324,44.45,52.64,61.54,0.0,2.8,2.133,468.0,3.444,65.6,174.6,120.05,21.922,4.363,15.2,10,9.0,11.4,61.54,2.428,14.786,18.244,7.076,201.636,0.075,47.9,28.0,6.18,40.5,12.1,21.4,95.0,3.9,8.3,8.4,6.0,7.6,4.0,5,2,4.24,14.1,3.44,2.592,0.608,2.02,3.5,1,16.6
F013,Ultra Creamy,0,0,8,25,2.0,50.0,15.0,0.3,0.005,0,0.06,571.2,22.4,41.6,26.8,24.8,14.2,0.15,33,3.333,0.065,14.8,0.644,0.313,0.33,94.8,0.66,1,68,160,31.7,2.0,28.0,2.8,19.0,52.0,21.0,0.128,23.018,1.855,0.109,5.064,65.3,69.36,60.83,0.08,2.0,3.365,750.0,5.264,27.2,78.4,52.8,29.268,3.236,16.8,10,6.0,10.933,60.83,3.493,33.096,19.848,11.658,97.152,0.035,34.6,26.5,5.85,44.9,12.3,27.2,95.0,3.9,4.0,10.0,6.1,7.6,5.4,4,4,3.22,25.0,3.06,2.244,0.637,2.24,3.9,1,14.1
F014,Processing Extreme,0,0,15,32,0.0,25.0,28.0,0.5,0.03,0,0.025,587.2,10.2,44.4,29.8,32.6,27.4,0.15,47,0.893,0.055,14.6,0.671,0.373,0.47,45.4,0.94,1,95,400,33.2,3.5,45.0,5.5,25.0,68.0,28.0,1.4,21.755,2.041,0.47,3.854,53.5,62.92,67.11,0.0,3.5,2.793,700.0,3.978,95.0,247.5,171.25,25.756,3.703,13.5,10,10.0,11.167,67.11,4.187,21.702,18.755,9.212,323.652,0.184,48.0,28.0,6.1,42.0,11.3,23.3,95.0,4.1,6.1,9.3,6.3,8.8,5.0,4,3,6.37,19.8,3.49,3.641,0.557,2.07,4.2,1,18.0
F015,Flavor Intense,0,0,18,28,1.0,20.0,32.0,0.4,0.08,0,0.12,592.8,8.4,42.2,27.4,36.2,31.6,0.15,46,0.625,0.2,14.8,0.649,0.41,0.46,36.8,0.92,1,80,200,32.0,2.2,35.0,4.0,21.0,58.0,24.0,0.32,22.804,1.918,0.205,3.412,52.4,58.08,65.64,0.036,2.2,2.656,640.0,3.528,50.4,140.0,95.2,20.768,4.598,14.4,10,8.0,10.8,65.64,2.856,17.878,19.658,7.782,192.64,0.069,45.7,28.0,6.54,41.7,11.0,22.1,95.0,4.8,6.3,8.2,6.2,6.9,4.6,5,2,3.88,16.4,3.36,2.078,0.584,1.68,4.6,1,16.2
F016,Lecithin Free,0,0,14,26,1.5,22.0,36.0,0.0,0.04,0,0.02,573.4,6.8,40.8,26.6,40.8,35.2,0.15,40,0.611,0.06,14.2,0.652,0.474,0.4,35.6,0.8,1,70,170,31.6,1.8,30.0,3.0,20.0,53.0,22.0,0.17,21.771,1.887,0.139,3.228,58.0,53.84,64.71,0.058,1.8,2.394,792.0,3.346,35.7,85.5,60.6,19.534,4.885,11.2,10,0.0,7.067,64.71,2.564,18.275,18.712,7.024,118.692,0.057,44.4,27.5,5.23,44.8,10.7,22.1,95.0,5.1,4.8,8.3,6.9,7.0,5.8,5,3,3.92,13.9,4.12,2.191,0.583,1.7,5.0,1,15.3
F017,High CB System,0,0,15,35,0.0,25.0,25.0,0.3,0.03,0,0.02,600.2,8.5,47.5,30.5,30.5,23.5,0.15,50,1.0,0.05,17.0,0.642,0.333,0.5,42.0,1.0,1,78,200,32.0,2.2,32.0,3.5,21.0,56.0,23.0,0.36,26.495,1.794,0.194,3.34,50.3,56.3,64.21,0.0,2.2,1.998,625.0,3.46,52.0,112.0,82.0,21.698,4.394,12.4,10,6.0,9.467,64.21,2.358,16.808,22.715,8.851,172.932,0.063,41.9,27.6,6.85,43.5,12.0,22.7,95.0,4.5,6.9,9.4,6.1,7.6,4.2,4,2,2.96,15.3,4.11,3.048,0.607,1.91,3.1,1,15.7
F018,Mixed Fat Economy,0,0,15,25,5.0,25.0,30.0,0.3,0.03,0,0.02,585.4,8.5,45.0,28.5,32.5,28.5,0.15,40,0.833,0.05,16.5,0.633,0.429,0.4,42.0,0.8,1,78,200,32.0,2.2,32.0,3.5,21.0,56.0,23.0,0.36,26.087,1.727,0.195,3.34,55.3,58.3,55.56,1.0,2.2,2.426,750.0,3.46,52.0,112.0,82.0,21.336,4.601,12.4,10,6.0,9.467,55.56,2.358,18.521,22.396,8.719,172.932,0.063,42.4,28.0,5.98,43.7,10.9,22.7,95.0,5.8,5.7,9.4,6.1,8.1,5.3,4,2,3.3,17.6,2.63,4.0,0.623,1.74,4.4,1,16.7
F019,Premium Mixed,0,0,18,30,3.0,25.0,24.0,0.3,0.03,0,0.02,590.6,8.5,45.5,29.0,30.0,22.0,0.15,48,1.042,0.05,16.5,0.637,0.333,0.48,42.0,0.96,1,78,200,32.0,2.2,32.0,3.5,21.0,56.0,23.0,0.36,25.892,1.758,0.194,3.34,49.3,57.6,63.07,0.6,2.2,1.87,600.0,3.346,52.0,112.0,82.0,21.504,4.442,14.8,10,6.0,10.267,63.07,2.231,16.443,22.259,8.702,172.932,0.063,46.7,28.0,7.21,43.7,11.8,24.0,95.0,3.8,6.5,9.3,6.0,7.7,4.4,4,2,3.26,16.0,4.91,3.635,0.544,1.7,3.9,1,14.2
F020,Ultra Premium CB,0,0,20,40,0.0,25.0,15.0,0.3,0.03,0,0.02,615.8,8.5,49.0,32.0,25.0,13.0,0.15,60,1.667,0.05,17.0,0.653,0.2,0.6,42.0,1.2,1,78,200,32.0,2.2,32.0,3.5,21.0,56.0,23.0,0.36,26.026,1.882,0.185,3.34,40.3,51.2,71.43,0.0,2.2,1.105,375.0,2.986,52.0,112.0,82.0,22.936,4.165,16.4,10,6.0,10.8,71.43,1.485,13.724,22.431,8.871,172.932,0.063,44.9,28.0,6.17,39.7,13.7,18.9,95.0,2.7,8.0,10.0,5.9,7.5,4.3,5,1,4.23,12.1,3.16,3.588,0.544,1.85,3.1,1,14.3
F021,Complex Fat System,0,0,16,28,4.0,25.0,27.0,0.3,0.03,0,0.02,580.4,8.5,44.5,28.0,31.5,25.5,0.15,44,0.926,0.05,16.5,0.629,0.38,0.44,42.0,0.88,1,78,200,32.0,2.2,32.0,3.5,21.0,56.0,23.0,0.36,26.246,1.697,0.2,3.34,52.3,59.6,59.55,0.8,2.2,2.166,675.0,3.506,52.0,112.0,82.0,21.116,4.518,13.2,10,6.0,9.733,59.55,2.436,17.47,22.326,8.811,172.932,0.063,46.6,28.0,6.37,43.0,12.1,23.9,95.0,4.8,6.0,8.3,6.2,7.7,5.3,4,2,4.98,18.5,3.53,4.0,0.539,1.62,4.2,1,15.3
F022,Luxury System,0,0,22,33,2.0,25.0,18.0,0.3,0.03,0,0.02,605.2,8.5,47.0,30.5,23.5,16.5,0.15,55,1.389,0.05,16.5,0.649,0.247,0.55,42.0,1.1,1,78,200,32.0,2.2,32.0,3.5,21.0,56.0,23.0,0.36,25.424,1.848,0.183,3.34,43.3,53.2,66.38,0.364,2.2,1.404,450.0,3.066,52.0,112.0,82.0,22.622,4.223,18.0,10,6.0,11.333,66.38,1.673,14.307,22.084,8.614,172.932,0.063,45.7,28.0,7.06,41.3,11.5,23.1,95.0,3.6,7.1,10.0,5.9,8.0,4.7,5,2,3.66,12.7,3.24,3.258,0.563,1.62,4.0,1,16.1
F023,Low Intensity Process,0,0,18,30,0.0,20.0,30.0,0.4,0.025,0,0.025,590.0,7.2,44.5,29.2,30.5,28.5,0.15,48,0.667,0.05,15.3,0.656,0.385,0.48,34.4,0.96,1,65,90,32.0,2.5,35.0,4.0,19.0,58.0,24.0,0.045,23.315,1.908,0.064,2.766,50.4,59.4,64.61,0.0,2.5,2.054,600.0,2.868,15.39,126.0,70.695,18.228,5.216,14.9,10,8.0,10.967,64.61,2.15,15.005,20.033,6.462,107.784,0.02,46.7,28.0,7.66,41.7,12.4,19.9,95.0,5.2,6.4,8.4,5.9,7.5,4.7,5,2,2.76,15.4,4.4,2.714,0.579,1.88,4.4,1,14.5
F024,Medium Process,0,0,18,30,0.0,20.0,30.0,0.4,0.025,0,0.025,590.0,7.2,44.5,29.2,30.5,28.5,0.15,48,0.667,0.05,15.3,0.656,0.385,0.48,34.4,0.96,1,75,180,32.0,2.5,35.0,4.0,19.0,58.0,24.0,0.27,23.315,1.908,0.155,2.766,50.4,59.4,64.61,0.0,2.5,2.054,600.0,2.868,40.5,252.0,146.25,19.468,4.876,14.9,10,8.0,10.967,64.61,2.278,15.005,20.033,6.462,201.42,0.056,45.5,28.0,5.32,42.3,11.1,21.6,95.0,4.7,6.3,8.6,5.8,8.5,5.1,4,1,3.62,14.6,1.98,2.898,0.594,1.52,4.6,1,16.1
F025,High Intensity,0,0,18,30,0.0,20.0,30.0,0.4,0.025,0,0.025,590.0,7.2,44.5,29.2,30.5,28.5,0.15,48,0.667,0.05,15.3,0.656,0.385,0.48,34.4,0.96,1,85,300,32.0,2.5,35.0,4.0,19.0,58.0,24.0,0.75,23.315,1.908,0.389,2.766,50.4,59.4,64.61,0.0,2.5,2.054,600.0,2.868,96.9,420.0,258.45,21.708,4.392,14.9,10,8.0,10.967,64.61,2.533,15.005,20.033,6.462,309.62,0.123,48.0,28.0,5.05,41.5,9.8,21.6,95.0,4.4,6.1,7.1,5.4,9.9,4.3,4,1,6.45,13.0,5.62,4.0,0.562,1.88,3.4,1,14.9
F026,Ultra Process,0,0,18,30,0.0,20.0,30.0,0.4,0.025,0,0.025,590.0,7.2,44.5,29.2,30.5,28.5,0.15,48,0.667,0.05,15.3,0.656,0.385,0.48,34.4,0.96,1,90,450,32.0,2.5,35.0,4.0,19.0,58.0,24.0,1.35,23.315,1.908,0.697,2.766,50.4,59.4,64.61,0.0,2.5,2.054,600.0,2.868,153.0,630.0,391.5,23.408,4.076,14.9,10,8.0,10.967,64.61,2.953,15.005,20.033,6.462,433.69,0.204,47.8,28.0,3.83,45.3,10.6,20.6,95.0,4.7,6.4,9.1,7.0,10.0,4.6,4,2,6.9,16.6,4.18,4.0,0.555,1.84,3.7,1,13.1
F027,Natural Vanilla Focus,0,0,16,29,0.0,22.0,32.0,0.35,0.0,0,0.08,585.0,7.8,43.2,28.4,33.2,30.5,0.15,45,0.688,0.08,14.8,0.657,0.416,0.45,37.6,0.9,1,76,190,31.9,2.1,31.0,3.2,20.0,55.0,22.0,0.304,22.521,1.918,0.175,3.128,54.35,56.04,64.81,0.0,2.1,2.378,704.0,3.244,45.6,124.8,85.2,19.798,4.812,14.4,10,7.0,10.467,64.81,2.628,17.041,19.444,7.056,175.632,0.074,42.3,28.0,5.75,43.5,9.9,21.8,95.0,5.1,6.6,8.4,5.5,7.5,3.8,4,3,3.93,14.0,3.48,1.176,0.573,1.42,3.2,1,15.8
F028,Artificial Vanilla,0,0,16,29,0.0,22.0,32.0,0.35,0.08,0,0.0,585.0,7.8,43.2,28.4,33.2,30.5,0.15,45,0.688,0.08,14.8,0.657,0.416,0.45,37.6,0.9,0,76,190,31.9,2.1,31.0,3.2,20.0,55.0,22.0,0.304,22.521,1.918,0.175,3.128,54.35,56.04,64.81,0.0,2.1,2.378,704.0,3.244,45.6,124.8,85.2,19.798,4.812,12.8,10,7.0,9.933,64.81,2.628,17.041,19.444,7.056,175.632,0.074,48.0,28.0,7.56,42.7,11.1,21.5,95.0,5.0,6.2,8.9,4.3,6.9,3.1,4,1,4.35,17.1,3.38,2.913,0.544,1.63,3.4,1,14.3
F029,Balanced Vanilla,0,0,16,29,0.0,22.0,32.0,0.35,0.04,0,0.04,585.0,7.8,43.2,28.4,33.2,30.5,0.15,45,0.688,0.08,14.8,0.657,0.416,0.45,37.6,0.9,1,76,190,31.9,2.1,31.0,3.2,20.0,55.0,22.0,0.304,22.521,1.918,0.175,3.128,54.35,56.04,64.81,0.0,2.1,2.378,704.0,3.244,45.6,124.8,85.2,19.798,4.812,13.6,10,7.0,10.2,64.81,2.628,17.041,19.444,7.056,175.632,0.074,41.6,25.9,6.54,43.8,11.4,24.4,95.0,4.9,5.8,8.0,5.9,7.6,5.5,4,2,4.08,17.3,3.57,4.0,0.631,2.0,5.3,1,15.8
F030,Premium Natural,0,0,16,29,0.0,22.0,32.0,0.35,0.02,0,0.1,585.0,7.8,43.2,28.4,33.2,30.5,0.15,45,0.688,0.12,14.8,0.657,0.416,0.45,37.6,0.9,1,76,190,31.9,2.1,31.0,3.2,20.0,55.0,22.0,0.304,22.521,1.918,0.175,3.128,54.35,56.04,64.81,0.0,2.1,2.378,704.0,3.244,45.6,124.8,85.2,19.798,4.812,14.8,10,7.0,10.6,64.81,2.628,17.041,19.444,7.056,175.632,0.074,46.9,28.0,5.29,43.4,12.7,23.6,95.0,5.1,6.2,8.7,6.6,7.3,4.1,4,2,3.9,14.7,3.66,3.712,0.52,1.57,3.0,1,15.3
F031,Ultra High Cocoa 23%,0,0,5,18,0.0,35.0,42.0,0.25,0.02,0,0.03,558.2,14.8,41.2,26.5,38.6,40.2,0.15,23,0.833,0.05,14.7,0.643,0.646,0.23,44.6,0.46,1,72,150,31.7,2.1,29.0,2.8,19.0,52.0,21.0,0.18,22.877,1.803,0.146,3.892,77.25,64.72,52.9,0.0,2.1,5.95,1470.0,4.452,38.7,87.6,63.15,22.838,4.18,8.4,10,5.0,7.8,52.9,6.196,32.238,19.723,8.906,135.684,0.135,33.5,28.0,7.21,46.5,11.2,25.9,95.0,6.7,3.0,8.6,5.1,8.4,4.9,3,3,4.71,25.0,4.18,3.605,0.598,1.75,3.7,1,15.8
F032,Ultra High Cocoa 35%,0,0,10,25,0.0,25.0,40.0,0.3,0.025,0,0.025,580.4,12.2,43.5,28.2,36.8,38.8,0.15,35,0.625,0.05,15.3,0.648,0.533,0.35,49.4,0.7,1,75,170,31.8,2.0,30.0,3.0,20.0,54.0,22.0,0.255,23.599,1.844,0.164,3.684,65.3,62.56,57.47,0.0,2.0,4.75,1000.0,4.084,48.45,102.0,75.225,21.388,4.466,10.0,10,6.0,8.667,57.47,5.118,23.908,20.42,8.693,152.88,0.095,39.0,28.0,8.18,45.1,11.3,25.5,95.0,6.1,4.6,9.1,6.5,7.9,4.9,4,3,2.43,21.4,4.16,4.0,0.647,2.02,3.6,1,14.8
F033,Ultra High Cocoa 50%,0,0,18,32,0.0,15.0,35.0,0.35,0.02,0,0.03,605.8,9.8,45.8,30.5,32.2,33.2,0.15,50,0.429,0.05,15.3,0.666,0.412,0.5,35.6,1.0,1,78,200,32.0,2.2,32.0,3.5,21.0,56.0,23.0,0.36,22.974,1.993,0.194,2.968,50.35,56.24,63.28,0.0,2.2,3.251,525.0,3.608,52.0,112.0,82.0,20.374,4.678,15.8,10,7.0,10.933,63.28,3.611,16.838,19.795,6.814,172.932,0.075,48.0,28.0,7.26,42.3,12.4,21.7,95.0,5.0,6.6,8.9,5.8,7.1,4.5,4,1,4.51,15.9,3.41,3.248,0.566,1.9,3.8,1,17.2
F034,Ultra High Cocoa 65%,0,0,25,40,0.0,10.0,25.0,0.4,0.015,0,0.035,625.6,7.2,48.2,32.8,25.8,23.8,0.15,65,0.4,0.05,15.4,0.68,0.278,0.65,24.4,1.3,1,82,240,32.3,2.5,35.0,4.0,22.0,59.0,24.0,0.528,22.647,2.13,0.248,2.348,35.4,47.84,65.97,0.0,2.5,1.713,250.0,2.788,72.96,168.0,120.48,19.928,4.794,20.8,10,8.0,12.933,65.97,1.985,8.274,19.541,5.318,203.16,0.074,48.0,28.0,5.18,37.8,10.2,20.0,95.0,3.8,8.6,7.2,6.0,7.3,4.3,4,1,3.86,8.6,2.92,3.747,0.539,1.56,3.9,1,19.0
F035,Ultra High Cocoa 80%,0,0,32,48,0.0,5.0,15.0,0.45,0.01,0,0.04,645.4,4.8,50.6,35.2,20.4,17.4,0.15,80,0.333,0.05,15.4,0.696,0.158,0.8,14.6,1.6,1,85,280,32.5,2.8,38.0,4.5,23.0,62.0,25.0,0.7,22.134,2.286,0.297,1.778,20.45,33.28,69.96,0.0,2.8,0.835,75.0,2.068,90.16,210.0,150.08,18.734,5.087,26.4,10,9.0,15.133,69.96,0.937,3.64,19.159,3.932,236.952,0.058,48.0,28.0,5.85,34.2,12.6,19.0,95.0,3.1,10.0,6.7,5.3,7.0,3.8,4,0,3.28,3.9,2.58,3.276,0.508,1.37,3.1,1,16.9
F036,Ultra High Cocoa 95%,0,0,40,55,0.0,3.0,7.0,0.5,0.005,0,0.045,665.2,2.4,52.8,37.6,15.2,9.2,0.15,95,0.429,0.05,15.2,0.712,0.069,0.95,7.8,1.9,1,88,320,32.8,3.0,40.0,5.0,24.0,65.0,26.0,0.896,21.344,2.474,0.351,1.216,10.5,21.36,73.48,0.0,3.0,0.221,21.0,1.416,112.64,256.0,184.32,17.68,5.406,32.9,10,10.0,17.633,73.48,0.309,1.28,18.852,2.595,272.256,0.025,48.0,28.0,6.99,30.9,13.6,15.7,95.0,2.8,10.0,6.7,7.0,8.2,3.6,5,0,5.23,3.0,2.11,3.924,0.49,1.7,3.3,1,18.0
F037,Ultra High Cocoa 105%,0,0,45,60,0.0,1.0,4.0,0.55,0.0,0,0.05,685.8,1.2,55.2,40.4,12.4,6.4,0.15,105,0.25,0.05,14.8,0.732,0.037,1.05,3.4,2.1,1,92,360,33.0,3.2,42.0,5.5,25.0,68.0,28.0,1.152,20.209,2.729,0.418,0.792,5.55,12.64,76.45,0.0,3.2,0.077,4.0,1.024,132.3,302.4,217.35,16.416,5.751,36.9,10,11.0,19.3,76.45,0.088,0.44,17.681,1.602,313.2,0.014,48.0,28.0,5.43,25.8,12.1,16.8,95.0,1.9,10.0,6.1,5.4,9.2,3.4,5,0,6.46,2.0,2.2,4.0,0.52,1.73,3.2,1,18.7
F038,Extreme Sweet 4% Sugar,0,0,8,22,2.0,60.0,4.0,0.2,0.08,0,0.0,545.6,26.4,40.2,25.8,28.6,2.4,0.15,30,15.0,0.08,14.4,0.642,0.118,0.3,112.8,0.6,1,68,140,31.6,1.8,27.0,2.6,18.0,51.0,20.0,0.112,22.435,1.793,0.133,5.888,64.2,108.16,52.24,0.1,1.8,0.634,240.0,5.912,28.56,60.84,44.7,33.672,2.83,6.4,10,4.0,7.467,52.24,0.746,37.73,19.331,13.212,74.832,0.04,31.6,28.0,6.84,47.3,12.8,28.7,93.2,1.0,4.7,10.0,5.5,7.5,4.2,4,5,3.11,25.0,4.16,3.468,0.61,3.05,2.4,1,14.0
F039,Extreme Sweet 15% Sugar,0,0,10,25,1.0,50.0,15.0,0.25,0.06,0,0.01,565.2,22.0,42.5,27.2,35.0,13.0,0.15,35,3.333,0.07,15.3,0.64,0.3,0.35,94.0,0.7,1,70,160,31.7,2.0,28.0,2.8,19.0,52.0,21.0,0.16,23.906,1.768,0.148,5.42,65.25,100.4,58.82,0.04,2.0,1.95,750.0,5.66,30.4,89.6,60.0,31.196,3.052,8.8,10,5.0,7.933,58.82,2.072,35.34,20.579,13.007,108.8,0.05,37.5,27.4,7.13,48.3,12.2,27.5,95.0,2.9,5.1,10.0,6.1,8.0,4.4,4,4,3.99,25.0,1.59,2.722,0.705,2.6,2.8,1,15.7
F040,Extreme Sweet 30% Sugar,0,0,12,23,1.5,45.0,30.0,0.3,0.05,0,0.02,575.4,19.6,41.8,26.5,42.0,28.0,0.15,35,1.5,0.07,15.3,0.634,0.462,0.35,84.2,0.7,1,72,180,31.8,2.1,29.0,3.0,20.0,53.0,22.0,0.216,24.13,1.732,0.166,4.964,75.3,96.0,58.47,0.065,2.1,5.488,1350.0,5.252,38.88,108.9,73.89,28.576,3.336,10.4,10,6.0,8.8,58.47,5.836,37.273,20.776,11.971,122.892,0.18,40.6,28.0,5.6,45.8,11.9,28.6,95.0,4.8,4.5,10.0,6.3,8.5,5.8,4,3,5.22,25.0,4.32,2.669,0.603,2.28,3.8,1,16.1
F041,Extreme Sweet 45% Sugar,0,0,14,26,1.0,35.0,45.0,0.35,0.04,0,0.025,585.6,16.2,43.2,27.8,45.5,43.5,0.15,40,0.778,0.065,15.4,0.644,0.529,0.4,67.4,0.8,1,74,200,31.9,2.2,30.0,3.2,20.0,54.0,22.0,0.28,24.359,1.807,0.194,4.502,80.35,94.8,61.11,0.038,2.2,7.049,1575.0,4.834,44.8,128.0,86.4,26.016,3.698,12.2,10,7.0,9.733,61.11,7.493,35.986,21.036,10.973,147.84,0.225,48.0,28.0,6.11,40.9,12.9,27.7,95.0,6.0,5.6,10.0,6.1,7.8,5.2,4,3,5.6,25.0,3.92,3.145,0.627,2.03,4.0,1,15.9
F042,Extreme Sweet 60% Sugar,0,0,16,29,0.5,25.0,60.0,0.4,0.03,0,0.03,595.8,12.8,44.6,29.2,50.0,58.0,0.15,45,0.417,0.06,15.4,0.655,0.571,0.45,50.6,0.9,1,76,220,32.0,2.3,31.0,3.4,21.0,55.0,23.0,0.352,24.595,1.896,0.226,3.812,85.4,97.6,64.35,0.018,2.3,7.424,1500.0,4.216,50.16,149.6,99.88,24.912,3.868,14.0,10,8.0,10.667,64.35,8.076,32.232,21.305,9.378,177.088,0.23,48.0,28.0,3.73,40.2,14.2,26.2,95.0,5.9,5.7,9.3,6.3,7.3,5.2,4,3,6.25,25.0,3.71,3.762,0.611,2.06,3.8,1,15.3
F043,Extreme Sweet 70% Sugar,0,0,18,32,0.0,20.0,70.0,0.45,0.025,0,0.035,605.0,10.4,46.0,30.6,55.5,68.0,0.15,50,0.286,0.06,15.4,0.665,0.583,0.5,40.8,1.0,1,78,240,32.1,2.4,32.0,3.6,21.0,56.0,23.0,0.432,24.843,1.987,0.26,3.316,90.45,100.8,67.39,0.0,2.4,7.072,1400.0,3.716,59.52,172.8,116.16,22.912,4.126,16.2,10,9.0,11.733,67.39,7.704,29.709,21.588,8.239,207.936,0.276,46.8,28.0,5.23,38.7,12.5,27.3,95.0,6.0,7.0,8.8,6.3,8.7,5.2,5,3,5.82,24.6,3.38,2.222,0.635,1.91,4.1,1,16.2
F044,Ultra Creamy 2% Milk,0,0,8,20,3.0,2.0,65.0,0.2,0.08,0,0.0,540.2,0.8,37.8,23.6,62.8,63.8,0.15,28,0.031,0.08,14.2,0.624,0.699,0.28,3.6,0.56,1,65,120,31.5,1.6,26.0,2.4,17.0,48.0,19.0,0.06,22.765,1.661,0.098,2.456,67.2,56.04,52.91,0.15,1.6,0.51,130.0,2.696,20.4,57.6,39.0,14.952,6.282,6.4,10,4.0,6.8,52.91,0.591,16.513,19.632,5.593,65.84,0.007,44.7,27.6,6.17,53.4,9.7,20.6,95.0,6.3,2.9,5.0,5.3,6.8,4.9,4,2,2.91,14.3,4.63,1.077,0.507,1.46,5.7,1,14.6
F045,Ultra Creamy 25% Milk,0,0,10,25,2.0,25.0,38.0,0.25,0.06,0,0.01,570.4,10.0,41.2,26.0,42.5,36.5,0.15,35,0.658,0.07,15.2,0.631,0.524,0.35,45.0,0.7,1,68,140,31.6,1.8,27.0,2.6,18.0,50.0,20.0,0.112,24.093,1.711,0.133,3.3,63.25,64.2,60.19,0.08,1.8,3.65,950.0,3.53,28.56,60.84,44.7,21.356,4.462,8.8,10,5.0,8.0,60.19,3.822,20.866,20.877,7.951,80.052,0.062,41.4,25.1,5.51,46.6,10.8,24.6,95.0,5.8,4.9,9.3,6.5,6.6,4.9,4,2,2.76,17.4,4.64,2.413,0.594,1.96,4.7,1,16.8
F046,Ultra Creamy 40% Milk,0,0,12,28,1.5,40.0,18.5,0.3,0.04,0,0.02,580.6,16.8,42.5,26.8,30.0,16.5,0.15,40,2.162,0.06,15.7,0.631,0.316,0.4,73.6,0.8,1,70,160,31.7,2.0,28.0,2.8,19.0,52.0,21.0,0.16,24.882,1.68,0.148,4.424,58.8,80.2,65.88,0.054,2.0,3.058,740.0,4.654,30.4,89.6,60.0,25.632,3.722,12.4,10,6.0,9.467,65.88,3.216,25.654,21.477,10.998,103.2,0.102,39.7,28.0,7.68,44.2,11.3,26.3,95.0,3.8,5.4,10.0,7.1,6.9,4.0,4,3,3.53,23.5,3.26,2.014,0.679,1.97,2.5,1,16.8
F047,Ultra Creamy 55% Milk,0,0,14,30,1.0,55.0,10.0,0.35,0.03,0,0.025,590.8,22.4,43.8,27.6,20.5,8.5,0.15,44,5.5,0.055,16.2,0.63,0.185,0.44,99.8,0.88,1,72,180,31.8,2.1,29.0,3.0,20.0,53.0,22.0,0.216,25.714,1.667,0.166,5.472,65.35,86.8,68.49,0.036,2.1,1.904,550.0,5.716,38.88,108.9,73.89,31.196,3.052,14.2,10,7.0,10.4,68.49,2.0,30.076,22.217,14.063,122.892,0.095,44.5,27.9,5.27,43.0,13.1,27.8,95.0,2.5,5.9,10.0,5.4,6.5,4.2,5,3,3.17,25.0,4.24,2.737,0.605,2.89,2.9,1,19.3
F048,Ultra Creamy 65% Milk,0,0,16,32,0.5,65.0,5.0,0.4,0.02,0,0.03,600.0,26.0,45.2,28.4,15.0,3.0,0.15,48,13.0,0.05,16.8,0.628,0.094,0.48,117.0,0.96,1,74,200,31.9,2.2,30.0,3.2,20.0,54.0,22.0,0.28,26.762,1.69,0.194,5.888,70.4,93.6,70.8,0.016,2.2,0.78,325.0,6.128,44.8,128.0,86.4,33.472,2.845,15.8,10,8.0,11.267,70.8,0.832,31.64,23.064,15.755,147.84,0.06,46.9,28.0,5.89,42.0,12.2,29.9,95.0,1.0,6.7,10.0,4.6,7.2,3.4,4,4,4.87,25.0,3.24,3.214,0.667,2.75,2.0,1,14.6
F049,Complex Fat Palm 8%,0,0,16,26,8.0,20.0,30.0,0.3,0.03,0,0.02,585.4,8.0,46.0,28.0,32.0,28.0,0.15,42,0.667,0.05,18.0,0.609,0.417,0.42,36.0,0.84,1,76,200,32.0,2.2,31.0,3.3,20.0,55.0,23.0,0.32,29.565,1.556,0.194,2.88,50.3,58.4,54.35,1.231,2.2,2.24,600.0,3.04,45.6,124.8,85.2,20.664,4.615,13.6,10,6.0,9.867,54.35,2.592,14.496,25.515,8.774,175.632,0.056,48.0,28.0,6.58,44.7,11.2,21.0,95.0,4.8,5.6,8.0,6.1,7.0,4.1,3,2,3.84,16.2,3.36,3.172,0.546,1.66,3.2,1,16.9
F050,Complex Fat Palm 12%,0,0,18,28,12.0,18.0,24.0,0.35,0.025,0,0.025,590.2,7.2,47.5,28.5,28.0,22.0,0.15,46,0.75,0.05,19.0,0.6,0.343,0.46,32.4,0.92,1,78,220,32.1,2.3,32.0,3.5,21.0,56.0,24.0,0.396,31.667,1.5,0.226,2.592,42.35,54.6,58.95,2.143,2.3,1.584,432.0,2.764,55.44,154.0,107.04,21.296,4.476,15.4,10,7.0,10.8,58.95,1.748,10.998,27.352,8.209,201.6,0.064,42.7,28.0,7.55,42.9,10.8,22.2,95.0,4.3,6.6,8.5,7.3,8.0,4.9,4,1,4.15,13.4,4.31,4.0,0.569,1.75,4.6,1,16.6
F051,Complex Fat Palm 15%,0,0,20,30,15.0,16.0,19.0,0.4,0.02,0,0.03,595.0,6.4,49.0,29.0,24.0,17.0,0.15,50,0.842,0.05,20.0,0.592,0.275,0.5,28.8,1.0,1,80,240,32.2,2.4,33.0,3.7,22.0,58.0,25.0,0.48,33.784,1.45,0.267,2.304,35.4,50.8,61.22,3.0,2.4,1.088,304.0,2.496,67.2,177.6,122.4,22.416,4.259,17.0,10,8.0,11.667,61.22,1.368,7.926,29.209,7.784,229.824,0.065,45.5,28.0,5.3,41.4,11.6,20.2,95.0,4.3,7.3,8.0,5.5,7.4,4.7,4,0,4.7,7.8,6.13,4.0,0.547,2.06,4.6,1,20.4
F052,Conching Extreme 15min,0,0,16,30,0.0,20.0,34.0,0.3,0.025,0,0.025,585.0,8.0,44.0,28.5,34.0,32.0,0.15,46,0.588,0.05,15.5,0.648,0.425,0.46,36.0,0.92,1,70,15,32.0,2.0,25.0,2.0,18.0,50.0,20.0,0.0015,23.91,1.544,0.002,2.88,54.3,57.6,65.91,0.0,2.0,2.56,680.0,3.04,0.756,7.5,4.128,18.426,5.161,13.6,10,6.0,9.867,65.91,2.58,15.638,20.631,6.888,11.02,0.0009,47.9,28.0,8.66,42.3,11.7,22.0,95.0,4.8,5.8,8.2,7.0,6.0,4.4,5,2,2.42,14.3,4.31,2.395,0.546,2.31,3.8,1,14.4
F053,Conching Extreme 60min,0,0,16,30,0.0,20.0,34.0,0.3,0.025,0,0.025,585.0,8.0,44.0,28.5,34.0,32.0,0.15,46,0.588,0.05,15.5,0.648,0.425,0.46,36.0,0.92,1,72,60,32.0,2.0,26.0,2.2,18.0,51.0,21.0,0.0072,23.91,1.544,0.008,2.88,54.3,57.6,65.91,0.0,2.0,2.56,680.0,3.04,3.024,28.6,15.812,18.564,5.121,13.6,10,6.0,9.867,65.91,2.586,15.638,20.631,6.888,22.572,0.005,48.0,28.0,7.25,41.8,12.2,23.6,95.0,4.9,6.0,8.4,7.0,6.7,4.7,4,2,3.08,12.1,4.0,2.627,0.58,1.82,4.1,1,14.0
F054,Conching Extreme 480min,0,0,16,30,0.0,20.0,34.0,0.3,0.025,0,0.025,585.0,8.0,44.0,28.5,34.0,32.0,0.15,46,0.588,0.05,15.5,0.648,0.425,0.46,36.0,0.92,1,80,480,32.0,2.0,30.0,3.5,20.0,58.0,26.0,0.96,23.91,1.544,0.593,2.88,54.3,57.6,65.91,0.0,2.0,2.56,680.0,3.04,115.2,252.0,183.6,21.568,4.418,13.6,10,6.0,9.867,65.91,2.816,15.638,20.631,6.888,313.6,0.384,44.8,28.0,3.6,45.1,11.0,21.8,95.0,5.0,6.8,8.4,5.8,10.0,5.6,5,2,6.5,13.4,4.15,3.231,0.619,1.73,5.2,1,13.9
F055,Conching Extreme 720min,0,0,16,30,0.0,20.0,34.0,0.3,0.025,0,0.025,585.0,8.0,44.0,28.5,34.0,32.0,0.15,46,0.588,0.05,15.5,0.648,0.425,0.46,36.0,0.92,1,82,720,32.0,2.0,32.0,4.0,22.0,60.0,28.0,1.584,23.91,1.544,0.912,2.88,54.3,57.6,65.91,0.0,2.0,2.56,680.0,3.04,188.16,384.0,286.08,22.656,4.208,13.6,10,6.0,9.867,65.91,2.976,15.638,20.631,6.888,454.32,0.59,45.9,28.0,2.49,44.1,11.2,21.1,95.0,4.9,6.6,8.4,6.4,10.0,5.0,4,1,10.03,16.0,4.0,4.0,0.559,1.9,4.2,1,12.6
F056,Conching Extreme 1000min,0,0,16,30,0.0,20.0,34.0,0.3,0.025,0,0.025,585.0,8.0,44.0,28.5,34.0,32.0,0.15,46,0.588,0.05,15.5,0.648,0.425,0.46,36.0,0.92,1,85,1000,32.0,2.0,35.0,5.0,25.0,65.0,30.0,2.5,23.91,1.544,1.39,2.88,54.3,57.6,65.91,0.0,2.0,2.56,680.0,3.04,297.5,525.0,411.25,24.02,3.96,13.6,10,6.0,9.867,65.91,3.066,15.638,20.631,6.888,642.5,0.892,42.5,28.0,1.5,43.1,10.6,21.0,95.0,4.6,6.2,8.9,6.9,10.0,6.3,4,2,12.07,17.0,3.16,4.0,0.587,2.02,5.3,1,16.2
F057,Conching Extreme 1500min,0,0,16,30,0.0,20.0,34.0,0.3,0.025,0,0.025,585.0,8.0,44.0,28.5,34.0,32.0,0.15,46,0.588,0.05,15.5,0.648,0.425,0.46,36.0,0.92,1,88,1500,32.0,2.0,38.0,6.0,28.0,70.0,32.0,3.9,23.91,1.544,2.037,2.88,54.3,57.6,65.91,0.0,2.0,2.56,680.0,3.04,462.0,798.0,630.0,25.632,3.722,13.6,10,6.0,9.867,65.91,3.196,15.638,20.631,6.888,1007.2,1.387,42.2,28.0,1.5,44.8,11.0,23.1,95.0,4.9,6.0,8.4,6.0,10.0,5.1,4,2,15.0,12.7,3.94,4.0,0.526,1.83,4.0,1,16.7
F058,Natural Flavor Intense 0.08%,0,0,16,29,0.0,22.0,33.0,0.35,0.01,0,0.08,587.0,7.8,43.0,28.0,34.0,31.0,0.15,45,0.667,0.09,15.0,0.651,0.423,0.45,37.6,0.9,1,76,190,31.9,2.1,31.0,3.2,20.0,55.0,22.0,0.304,23.063,1.857,0.175,3.128,55.35,56.04,64.53,0.0,2.1,2.418,726.0,3.244,45.6,124.8,85.2,19.856,4.8,14.8,10,7.0,10.6,64.53,2.646,17.288,19.892,7.123,175.632,0.074,48.0,28.0,6.27,43.6,11.7,21.4,95.0,5.2,6.0,8.3,6.1,6.2,3.5,4,2,3.45,15.1,3.96,2.238,0.54,2.12,3.4,1,16.0
F059,Natural Flavor Intense 0.12%,0,0,16,29,0.0,22.0,33.0,0.35,0.008,0,0.12,587.0,7.8,43.0,28.0,34.0,31.0,0.15,45,0.667,0.128,15.0,0.651,0.423,0.45,37.6,0.9,1,76,190,31.9,2.1,31.0,3.2,20.0,55.0,22.0,0.304,23.063,1.857,0.175,3.128,55.35,56.04,64.53,0.0,2.1,2.418,726.0,3.244,45.6,124.8,85.2,19.856,4.8,17.2,10,7.0,11.0,64.53,2.646,17.288,19.892,7.123,175.632,0.074,48.0,28.0,5.93,42.4,12.0,24.5,95.0,4.4,6.2,8.8,5.7,6.9,4.6,5,2,3.78,15.9,3.79,1.87,0.583,1.81,3.7,1,16.3
F060,Natural Flavor Intense 0.15%,0,0,16,29,0.0,22.0,33.0,0.35,0.005,0,0.15,587.0,7.8,43.0,28.0,34.0,31.0,0.15,45,0.667,0.155,15.0,0.651,0.423,0.45,37.6,0.9,1,76,190,31.9,2.1,31.0,3.2,20.0,55.0,22.0,0.304,23.063,1.857,0.175,3.128,55.35,56.04,64.53,0.0,2.1,2.418,726.0,3.244,45.6,124.8,85.2,19.856,4.8,18.8,10,7.0,11.6,64.53,2.646,17.288,19.892,7.123,175.632,0.074,46.0,28.0,6.3,45.3,10.6,20.6,95.0,4.8,5.6,8.9,5.7,6.2,4.5,5,2,3.55,16.4,3.97,3.682,0.613,1.86,4.5,1,18.6
F061,Natural Flavor Intense 0.18%,0,0,16,29,0.0,22.0,33.0,0.35,0.002,0,0.18,587.0,7.8,43.0,28.0,34.0,31.0,0.15,45,0.667,0.182,15.0,0.651,0.423,0.45,37.6,0.9,1,76,190,31.9,2.1,31.0,3.2,20.0,55.0,22.0,0.304,23.063,1.857,0.175,3.128,55.35,56.04,64.53,0.0,2.1,2.418,726.0,3.244,45.6,124.8,85.2,19.856,4.8,20.0,10,7.0,12.0,64.53,2.646,17.288,19.892,7.123,175.632,0.074,48.0,28.0,6.71,44.1,12.1,24.4,95.0,4.5,5.9,7.9,5.8,5.8,4.7,4,2,3.4,14.8,3.6,3.345,0.579,1.9,4.7,1,17.2
F062,Lecithin Variation 0.0%,0,0,16,29,0.0,22.0,33.0,0.0,0.025,0,0.025,587.0,7.8,43.0,28.0,34.0,31.0,0.15,45,0.667,0.05,15.0,0.651,0.423,0.45,37.6,0.9,1,76,190,31.9,2.1,31.0,3.2,20.0,55.0,22.0,0.304,23.063,1.857,0.175,3.128,55.0,56.04,64.53,0.0,2.1,2.418,726.0,3.244,45.6,124.8,85.2,19.856,4.8,13.6,10,0.0,7.867,64.53,2.646,17.288,19.892,7.123,175.632,0.074,47.6,28.0,8.24,42.2,12.4,22.9,95.0,5.2,5.4,8.6,5.8,7.6,4.9,4,2,3.0,16.6,3.72,2.368,0.559,1.85,4.3,1,14.9
F063,Lecithin Variation 0.5%,0,0,16,29,0.0,22.0,33.0,0.5,0.025,0,0.025,587.0,7.8,43.0,28.0,34.0,31.0,0.15,45,0.667,0.05,15.0,0.651,0.423,0.45,37.6,0.9,1,76,190,31.9,2.1,31.0,3.2,20.0,55.0,22.0,0.304,23.063,1.857,0.175,3.128,55.5,56.04,64.53,0.0,2.1,2.418,726.0,3.244,45.6,124.8,85.2,19.856,4.8,13.6,10,10.0,11.2,64.53,2.646,17.288,19.892,7.123,175.632,0.074,43.9,28.0,5.04,43.2,11.7,22.6,95.0,4.2,6.1,8.7,6.0,8.2,4.4,4,3,3.75,15.3,4.21,2.392,0.569,1.93,4.0,1,14.4
F064,Lecithin Variation 0.7%,0,0,16,29,0.0,22.0,33.0,0.7,0.025,0,0.025,587.0,7.8,43.0,28.0,34.0,31.0,0.15,45,0.667,0.05,15.0,0.651,0.423,0.45,37.6,0.9,1,76,190,31.9,2.1,31.0,3.2,20.0,55.0,22.0,0.304,23.063,1.857,0.175,3.128,55.7,56.04,64.53,0.0,2.1,2.418,726.0,3.244,45.6,124.8,85.2,19.856,4.8,13.6,10,14.0,12.533,64.53,2.646,17.288,19.892,7.123,175.632,0.074,47.6,28.0,6.93,42.4,12.9,22.2,95.0,4.5,6.2,8.3,5.7,6.7,3.6,4,2,2.94,15.9,3.45,3.917,0.531,1.64,2.7,1,16.5
F065,Lecithin Variation 1.0%,0,0,16,29,0.0,22.0,33.0,1.0,0.025,0,0.025,587.0,7.8,43.0,28.0,34.0,31.0,0.15,45,0.667,0.05,15.0,0.651,0.423,0.45,37.6,0.9,1,76,190,31.9,2.1,31.0,3.2,20.0,55.0,22.0,0.304,23.063,1.857,0.175,3.128,56.0,56.04,64.53,0.0,2.1,2.418,726.0,3.244,45.6,124.8,85.2,19.856,4.8,13.6,10,20.0,14.533,64.53,2.646,17.288,19.892,7.123,175.632,0.074,48.0,28.0,3.77,41.8,10.7,23.1,95.0,4.9,5.8,8.9,6.3,5.8,4.3,4,2,4.23,16.8,2.86,2.148,0.587,1.65,4.1,1,13.8
F066,Coating Application,0,0,20,35,0.0,15.0,30.0,0.4,0.02,0,0.03,605.0,6.0,46.0,31.0,30.0,28.0,0.15,55,0.5,0.05,15.0,0.674,0.353,0.55,27.0,1.1,1,85,280,32.5,2.8,38.0,4.5,23.0,62.0,25.0,0.7,22.265,2.067,0.297,2.22,45.4,46.0,68.48,0.0,2.8,1.68,450.0,2.58,90.16,210.0,150.08,19.888,4.794,17.4,10,8.0,11.8,68.48,1.876,10.058,19.201,4.942,236.952,0.083,48.0,28.0,5.83,42.4,10.5,21.1,95.0,4.9,7.9,7.5,5.2,7.5,3.6,5,2,4.71,9.5,3.04,4.0,0.567,1.45,3.6,1,19.8
F067,Molding Application,0,0,18,32,0.0,20.0,30.0,0.35,0.025,0,0.025,595.0,8.0,45.0,30.0,32.0,29.0,0.15,50,0.667,0.05,15.0,0.667,0.375,0.5,36.0,1.0,1,80,240,32.2,2.5,35.0,4.0,22.0,60.0,24.0,0.48,22.5,2.0,0.251,2.88,50.35,56.0,66.67,0.0,2.5,2.32,600.0,3.04,67.2,168.0,117.6,20.64,4.614,15.4,10,7.0,10.8,66.67,2.608,14.506,19.425,6.48,201.6,0.092,48.0,28.0,6.62,44.4,10.1,23.3,95.0,4.4,6.2,8.4,6.3,7.6,4.2,4,2,3.44,12.9,2.79,2.669,0.55,1.88,3.7,1,18.5
F068,Enrobing Application,0,0,16,34,0.0,25.0,25.0,0.3,0.03,0,0.02,600.0,10.0,47.0,32.0,28.0,23.0,0.15,50,1.0,0.05,15.0,0.681,0.333,0.5,45.0,1.0,1,78,220,32.1,2.3,33.0,3.7,21.0,57.0,23.0,0.396,22.037,2.133,0.226,3.6,50.3,63.2,65.96,0.0,2.3,2.3,625.0,3.8,50.292,153.01,101.696,22.056,4.326,14.4,10,6.0,10.133,65.96,2.499,18.086,18.982,7.941,186.012,0.104,37.7,28.0,6.72,40.5,12.9,23.1,95.0,3.8,6.0,9.6,6.5,7.6,4.9,4,2,3.99,16.7,2.81,3.559,0.571,2.05,4.6,1,15.4
F069,White Chocolate Base,0,0,0,35,0.0,45.0,20.0,0.25,0.08,0,0.0,565.0,18.0,45.0,30.0,25.0,18.0,0.15,35,2.25,0.08,15.0,0.667,0.364,0.35,81.0,0.7,1,70,150,31.7,2.0,28.0,2.8,19.0,52.0,21.0,0.15,22.5,2.0,0.146,4.86,65.25,88.4,55.56,0.0,2.0,3.24,900.0,5.08,31.5,84.0,58.5,28.296,3.371,0.0,10,5.0,8.667,55.56,3.39,31.69,19.425,10.935,131.22,0.237,43.5,28.0,6.29,46.3,12.4,26.9,95.0,4.6,3.5,10.0,5.0,7.6,5.5,3,3,3.26,25.0,3.93,2.506,0.644,2.48,3.8,1,12.8
F070,White Chocolate Premium,0,0,0,40,0.0,50.0,10.0,0.3,0.06,0,0.04,575.0,20.0,48.0,32.0,20.0,8.0,0.15,40,5.0,0.1,16.0,0.667,0.2,0.4,90.0,0.8,1,72,170,31.8,2.1,29.0,3.0,20.0,53.0,22.0,0.204,24.0,2.0,0.163,5.4,60.3,96.0,58.33,0.0,2.1,1.6,500.0,5.6,40.8,122.4,81.6,30.24,3.148,0.0,10,6.0,8.8,58.33,1.768,32.508,20.7,13.0,140.76,0.144,41.8,28.0,6.71,44.7,12.0,26.7,95.0,1.3,4.5,10.0,5.9,7.3,4.4,4,3,3.74,25.0,3.64,3.494,0.641,2.86,3.0,1,18.1
F071,Ruby Style Cocoa,0,0,12,28,2.0,35.0,23.0,0.35,0.04,0,0.06,580.0,14.0,44.0,27.5,28.0,21.0,0.15,40,1.522,0.1,16.5,0.625,0.365,0.4,63.0,0.8,1,74,180,31.9,2.2,30.0,3.2,20.0,54.0,22.0,0.252,26.4,1.667,0.194,4.62,58.35,68.8,61.36,0.071,2.2,2.94,805.0,4.82,44.352,115.2,79.776,26.904,3.544,11.6,10,8.0,9.867,61.36,3.252,26.995,23.256,12.197,154.944,0.237,42.1,28.0,6.0,43.9,11.9,25.0,95.0,3.2,5.8,10.0,6.4,7.9,4.0,4,2,4.85,24.9,3.92,2.85,0.609,2.13,2.4,1,15.6
F072,Signature Blend Alpha,0,0,20,32,1.0,28.0,19.0,0.45,0.035,0,0.065,605.0,11.2,46.5,30.8,24.0,17.0,0.15,52,1.474,0.1,15.7,0.663,0.268,0.52,50.4,1.04,1,82,260,32.3,2.7,36.0,4.3,22.0,59.0,24.0,0.572,23.673,1.962,0.282,3.536,47.45,61.28,65.59,0.031,2.7,1.904,532.0,3.696,85.904,186.68,136.284,21.464,4.448,17.2,10,9.0,12.067,65.59,2.476,17.732,20.408,7.588,221.088,0.107,48.0,28.0,5.52,41.2,11.0,23.3,95.0,3.6,7.1,10.0,5.2,7.8,4.5,4,2,3.33,18.9,2.11,3.753,0.645,2.13,3.9,1,18.2
F073,Signature Blend Beta,0,0,24,36,0.5,24.0,15.5,0.5,0.03,0,0.07,615.0,9.6,48.0,32.0,22.0,14.0,0.15,60,1.548,0.1,16.0,0.667,0.205,0.6,43.2,1.2,1,84,300,32.4,2.9,39.0,4.8,23.0,61.0,25.0,0.72,24.0,2.0,0.36,3.168,40.0,57.2,68.75,0.014,2.9,1.344,372.0,3.328,86.4,234.0,162.0,22.464,4.244,20.2,10,10.0,13.4,68.75,1.664,12.649,20.7,7.107,262.08,0.096,42.9,28.0,6.33,39.1,14.0,20.2,95.0,2.8,8.8,9.9,6.3,8.8,4.9,5,1,5.22,13.1,3.45,3.988,0.563,1.69,4.0,1,14.2
F074,Signature Blend Gamma,0,0,28,38,0.0,20.0,14.0,0.55,0.025,0,0.075,625.0,8.0,49.5,33.5,18.0,12.0,0.15,66,1.429,0.1,16.0,0.677,0.175,0.66,36.0,1.32,1,86,340,32.5,3.1,42.0,5.2,24.0,63.0,26.0,0.884,23.668,2.094,0.42,2.64,34.55,51.2,70.71,0.0,3.1,0.96,280.0,2.8,101.15,291.2,196.075,23.636,4.034,23.4,10,11.0,14.8,70.71,1.248,9.123,20.408,6.256,306.432,0.081,48.0,28.0,5.78,38.8,12.3,19.5,95.0,2.4,9.4,9.2,5.6,10.0,3.8,4,2,5.41,8.7,3.09,3.16,0.543,1.74,3.2,1,16.2
F075,Innovation Dark Extreme,0,0,35,45,0.0,8.0,12.0,0.6,0.015,0,0.085,650.0,3.2,52.0,36.0,16.0,10.0,0.15,80,0.667,0.1,16.0,0.692,0.13,0.8,12.4,1.6,1,90,400,32.8,3.4,45.0,5.8,25.0,66.0,28.0,1.2,23.121,2.25,0.48,1.536,20.6,20.8,73.08,0.0,3.4,0.32,96.0,1.856,162.0,348.0,255.0,21.632,4.413,28.9,10,12.0,17.1,73.08,0.512,3.168,19.944,3.554,394.56,0.025,48.0,28.0,4.82,34.3,12.4,18.7,95.0,3.0,10.0,6.1,5.3,10.0,3.7,5,0,6.51,4.6,2.27,4.0,0.482,1.64,3.1,1,17.2
F076,Innovation Milk Supreme,0,0,8,22,3.0,55.0,12.0,0.25,0.05,0,0.05,565.0,22.0,42.0,26.0,26.0,10.0,0.15,30,4.583,0.1,16.0,0.619,0.286,0.3,99.0,0.6,1,68,140,31.6,1.9,27.0,2.7,18.0,51.0,20.0,0.112,25.873,1.625,0.133,5.88,67.25,116.0,52.38,0.136,1.9,1.2,660.0,6.12,28.56,64.26,46.41,33.832,2.817,9.4,10,5.0,8.133,52.38,1.345,39.518,22.332,15.211,85.884,0.094,41.6,23.8,7.25,49.0,12.2,28.5,95.0,2.7,4.4,10.0,5.7,7.1,4.4,4,4,3.37,25.0,4.74,2.564,0.706,2.81,2.4,1,14.6
F077,Innovation Caramel Base,0,0,14,26,2.0,30.0,28.0,0.35,0.06,0,0.04,580.0,12.0,43.0,26.5,32.0,26.0,0.15,40,1.071,0.1,16.5,0.616,0.412,0.4,54.0,0.8,1,75,200,31.8,2.2,31.0,3.3,20.0,55.0,22.0,0.3,26.786,1.606,0.194,3.96,58.35,66.4,58.14,0.077,2.2,3.12,840.0,4.12,50.4,132.0,91.2,25.2,3.779,13.2,10,7.0,10.067,58.14,3.432,23.119,23.081,10.605,178.2,0.185,42.0,28.0,6.37,44.2,11.9,24.1,95.0,4.3,5.6,9.7,6.3,7.4,4.2,4,3,3.61,23.4,4.94,3.254,0.59,1.95,3.6,1,15.0
F078,Innovation Protein Plus,0,0,16,29,1.0,35.0,19.0,0.4,0.03,0,0.03,590.0,24.0,44.5,28.0,24.0,17.0,0.15,45,1.842,0.06,16.5,0.629,0.297,0.45,83.0,0.9,1,76,190,31.9,2.1,31.0,3.2,20.0,55.0,22.0,0.304,26.24,1.697,0.175,5.412,59.4,113.6,62.92,0.034,2.1,4.08,665.0,5.652,45.6,121.6,83.6,31.352,3.034,14.2,10,6.0,10.067,62.92,4.368,30.419,22.607,14.197,174.672,0.385,41.3,28.0,6.85,41.8,12.7,27.1,95.0,3.0,5.6,10.0,5.9,7.3,4.7,4,3,3.86,25.0,2.72,2.488,0.652,2.43,2.7,1,16.7
F079,Innovation Low Calorie,0,0,12,24,2.0,25.0,37.0,0.3,0.04,0,0.02,520.0,10.0,40.0,24.5,42.0,35.0,0.15,36,0.676,0.06,15.5,0.613,0.507,0.36,45.0,0.72,1,70,160,31.7,2.0,28.0,2.8,19.0,52.0,21.0,0.16,25.278,1.581,0.148,3.15,62.3,68.0,60.0,0.083,2.0,3.5,925.0,3.4,30.4,89.6,60.0,19.38,4.92,12.6,10,6.0,9.533,60.0,3.728,20.0,21.851,7.963,103.2,0.164,41.4,28.0,6.69,44.0,10.6,24.2,95.0,5.7,5.1,9.2,6.4,7.0,4.7,4,2,3.3,18.2,3.32,1.053,0.621,1.54,3.7,1,13.7
F080,Innovation Antioxidant,0,0,22,33,0.5,20.0,24.5,0.4,0.025,0,0.075,605.0,8.0,46.5,30.5,28.0,22.5,0.15,55,0.816,0.1,16.0,0.656,0.308,0.55,36.0,1.1,1,80,240,32.2,2.5,35.0,4.0,22.0,58.0,24.0,0.48,24.39,1.906,0.251,2.88,44.9,54.0,64.52,0.015,2.5,1.8,490.0,3.04,67.2,168.0,117.6,20.4,4.674,19.1,10,8.0,12.367,64.52,2.088,12.909,21.066,6.862,201.6,0.09,48.0,28.0,5.58,40.5,12.1,21.2,95.0,4.2,8.1,8.4,5.3,7.5,4.2,4,1,5.02,13.1,2.91,3.424,0.604,1.7,4.5,1,16.5
F081,Innovation Fiber Enhanced,0,0,18,30,1.0,22.0,29.0,0.35,0.035,0,0.065,585.0,10.5,44.0,28.0,34.0,27.0,0.15,48,0.759,0.1,16.0,0.636,0.377,0.48,43.0,0.96,1,78,220,32.1,2.3,32.0,3.5,21.0,56.0,23.0,0.396,25.157,1.75,0.226,3.36,51.35,61.6,65.91,0.036,2.3,2.835,638.0,3.53,50.292,153.01,101.696,22.104,4.318,16.4,10,7.0,11.133,65.91,3.135,17.297,21.635,8.446,186.012,0.133,48.0,28.0,5.75,43.2,13.2,22.3,95.0,4.4,6.3,9.9,6.2,8.3,4.3,5,2,4.29,14.0,3.01,4.0,0.561,2.03,4.2,1,16.5
F082,Innovation Superfood,0,0,20,32,0.0,18.0,30.0,0.45,0.02,0,0.08,595.0,7.2,45.0,29.5,32.0,28.0,0.15,52,0.6,0.1,15.5,0.656,0.365,0.52,32.4,1.04,1,82,260,32.3,2.7,36.0,4.3,22.0,59.0,24.0,0.572,23.628,1.903,0.282,2.448,48.45,50.56,66.67,0.0,2.7,2.016,540.0,2.68,85.904,186.68,136.284,20.824,4.576,17.6,10,8.0,12.067,66.67,2.312,14.059,20.354,5.796,221.088,0.081,47.5,28.0,6.34,42.4,12.6,21.9,95.0,5.1,7.2,8.4,5.4,7.1,4.0,4,1,5.92,11.3,3.93,4.0,0.494,1.84,3.0,1,17.1
F083,Innovation Probiotic,0,0,16,28,1.5,25.0,29.5,0.3,0.03,0,0.05,580.0,10.0,43.5,27.0,34.5,27.5,0.15,44,0.847,0.08,16.5,0.621,0.401,0.44,45.0,0.88,1,76,200,32.0,2.2,31.0,3.3,20.0,55.0,22.0,0.32,26.578,1.636,0.194,3.15,54.8,62.0,59.77,0.054,2.2,2.75,737.5,3.35,44.352,132.0,88.704,21.336,4.472,14.8,10,6.0,10.267,59.77,2.904,17.277,22.885,8.373,175.632,0.142,47.3,28.0,6.74,42.3,12.8,22.2,95.0,4.1,6.1,9.1,5.9,6.1,4.6,4,2,3.95,14.5,3.89,3.297,0.605,1.98,4.2,1,16.7
F084,Innovation Keto Friendly,0,0,15,35,5.0,10.0,35.0,0.25,0.02,0,0.03,595.0,4.0,48.0,32.0,38.0,33.0,0.15,50,0.286,0.05,16.0,0.667,0.412,0.5,18.0,1.0,1,80,240,32.2,2.5,35.0,4.0,22.0,58.0,24.0,0.48,24.0,2.0,0.251,1.62,45.25,46.4,64.58,0.143,2.5,1.32,350.0,1.88,67.2,168.0,117.6,17.52,5.495,13.6,10,8.0,10.533,64.58,1.584,7.327,20.7,3.888,201.6,0.041,48.0,28.0,6.6,43.1,10.6,20.8,95.0,4.2,6.3,5.7,5.6,8.7,3.9,4,2,3.79,7.2,3.45,3.33,0.508,1.51,3.7,1,15.0
F085,Innovation Sugar Free,0,0,18,30,2.0,30.0,20.0,0.4,0.025,0,0.075,570.0,12.0,45.0,28.5,28.0,18.0,0.15,48,1.5,0.1,16.5,0.633,0.294,0.48,54.0,0.96,1,78,220,32.1,2.3,32.0,3.5,21.0,56.0,23.0,0.396,26.087,1.727,0.226,3.84,50.4,62.4,62.22,0.067,2.3,2.16,600.0,4.0,50.292,153.01,101.696,23.136,4.127,16.0,10,7.0,11.0,62.22,2.376,20.074,22.485,8.635,186.012,0.173,48.0,28.0,6.23,43.7,11.0,21.9,95.0,3.3,6.5,10.0,5.5,7.5,5.1,4,2,3.22,21.2,2.33,3.412,0.613,2.02,4.3,1,14.1
F086,Premium Artisan Dark 75%,0,0,30,45,0.0,5.0,20.0,0.5,0.01,0,0.09,635.0,2.0,50.0,34.0,20.0,18.0,0.15,75,0.25,0.1,16.0,0.68,0.211,0.75,9.0,1.5,1,88,350,32.7,3.2,42.0,5.5,24.0,64.0,26.0,1.022,23.529,2.125,0.439,1.08,25.5,19.6,73.0,0.0,3.2,0.36,100.0,1.44,126.0,266.0,196.0,20.568,4.639,25.2,10,18.0,17.933,73.0,0.522,2.754,20.307,2.542,297.84,0.032,48.0,28.0,6.46,34.7,11.9,19.1,95.0,3.4,10.0,5.5,6.3,8.5,3.5,5,0,4.08,6.3,3.35,4.0,0.432,1.29,3.3,1,18.6
F087,Premium Artisan Milk 45%,0,0,12,33,0.0,35.0,20.0,0.35,0.04,0,0.06,580.0,14.0,46.0,29.0,26.0,18.0,0.15,45,1.75,0.1,17.0,0.63,0.308,0.45,63.0,0.9,1,75,200,31.9,2.2,30.0,3.2,20.0,54.0,22.0,0.3,27.016,1.706,0.194,4.32,55.35,70.4,65.22,0.0,2.2,2.52,700.0,4.52,48.0,128.0,88.0,25.2,3.779,12.6,10,8.0,10.533,65.22,2.826,23.916,23.314,10.979,172.8,0.202,43.5,28.0,5.93,44.0,11.9,25.2,95.0,3.7,5.7,10.0,6.6,8.1,4.8,3,3,3.03,23.4,3.18,2.411,0.634,2.27,3.6,1,16.3
F088,Premium Single Origin Ecuador,0,0,22,35,0.0,18.0,25.0,0.4,0.02,0,0.08,610.0,7.2,47.0,31.0,28.0,23.0,0.15,57,0.72,0.1,16.0,0.66,0.305,0.57,32.4,1.14,1,84,280,32.4,2.8,38.0,4.5,23.0,61.0,25.0,0.672,24.242,1.938,0.297,2.448,43.4,48.56,68.09,0.0,2.8,1.656,450.0,2.68,86.016,210.0,148.008,21.424,4.458,19.4,10,16.0,15.133,68.09,1.952,10.619,20.909,5.247,236.88,0.082,48.0,28.0,6.42,39.9,12.6,21.6,95.0,3.8,8.2,8.7,6.1,8.0,4.7,5,1,4.86,10.8,3.43,4.0,0.511,1.83,3.7,1,15.9
F089,Premium Single Origin Madagascar,0,0,25,38,0.0,15.0,22.0,0.45,0.015,0,0.085,620.0,6.0,48.5,32.5,26.0,20.0,0.15,63,0.682,0.1,16.0,0.67,0.259,0.63,27.0,1.26,1,86,300,32.5,2.9,40.0,4.8,24.0,62.0,26.0,0.78,23.881,2.031,0.351,2.04,37.45,41.6,70.1,0.0,2.9,1.2,330.0,2.24,103.68,230.4,167.04,21.016,4.547,21.7,10,17.0,16.233,70.1,1.368,7.653,20.603,4.873,258.192,0.069,46.8,28.0,5.83,40.1,10.5,21.3,95.0,3.7,8.9,8.9,5.2,9.3,3.5,5,1,5.4,4.9,3.39,4.0,0.554,1.77,2.8,1,20.0
F090,Premium Single Origin Venezuela,0,0,28,40,0.0,12.0,20.0,0.5,0.01,0,0.09,630.0,4.8,49.0,33.0,24.0,18.0,0.15,68,0.6,0.1,16.0,0.673,0.227,0.68,21.6,1.36,1,88,320,32.6,3.0,41.0,5.0,25.0,63.0,27.0,0.896,23.81,2.063,0.399,1.632,32.5,33.84,71.43,0.0,3.0,0.864,240.0,1.864,115.2,256.0,185.6,20.424,4.668,23.5,10,18.0,17.167,71.43,1.148,5.333,20.522,3.334,287.36,0.052,48.0,28.0,5.71,37.4,13.2,21.2,95.0,2.9,9.4,7.9,5.4,9.1,3.0,4,1,4.09,4.5,3.96,4.0,0.517,1.5,2.5,1,18.5
F091,Limited Edition Holiday Spice,0,0,16,29,0.0,25.0,30.0,0.35,0.05,0,0.15,585.0,10.0,44.0,28.0,32.0,28.0,0.15,45,0.833,0.2,16.0,0.636,0.4,0.45,45.0,0.9,1,76,200,31.9,2.2,31.0,3.3,20.0,55.0,22.0,0.32,25.157,1.75,0.194,3.15,55.35,62.4,62.5,0.0,2.2,2.8,750.0,3.35,44.8,132.0,88.4,21.176,4.506,15.8,10,30.0,18.6,62.5,3.008,17.352,21.635,8.014,178.2,0.156,47.0,26.8,7.04,41.0,11.4,24.3,95.0,5.1,6.3,9.5,6.8,6.7,3.9,4,2,4.54,15.1,2.76,3.56,0.547,1.44,3.1,1,17.4
F092,Limited Edition Berry Fusion,0,0,14,27,1.0,30.0,28.0,0.3,0.03,0,0.12,575.0,12.0,43.0,26.5,34.0,26.0,0.15,41,1.071,0.15,16.5,0.616,0.406,0.41,54.0,0.82,1,74,180,31.8,2.1,30.0,3.1,20.0,54.0,22.0,0.252,26.786,1.606,0.182,3.84,58.3,67.2,59.3,0.037,2.1,3.12,840.0,4.02,37.8,111.6,74.7,24.624,3.873,13.6,10,24.0,15.867,59.3,3.432,23.087,23.081,10.599,147.672,0.189,43.9,27.3,7.03,42.1,11.3,22.4,95.0,4.5,4.4,10.0,6.4,8.5,5.6,4,3,3.68,20.7,1.64,3.215,0.582,2.22,4.4,1,16.0
F093,Limited Edition Salted Caramel,0,0,15,28,1.5,28.0,27.5,0.32,0.04,0,0.13,580.0,11.2,43.5,26.8,33.0,25.5,0.15,43,1.018,0.17,16.7,0.616,0.39,0.43,50.4,0.86,1,75,190,31.85,2.15,30.5,3.15,20.0,54.5,22.5,0.285,27.189,1.603,0.184,3.696,55.82,66.04,60.92,0.054,2.15,2.856,770.625,3.856,42.75,119.475,81.1125,22.512,4.238,14.6,10,26.0,16.867,60.92,3.142,20.633,23.453,10.294,163.04,0.168,43.9,28.0,6.94,43.7,10.8,22.5,95.0,4.9,6.1,10.0,7.3,6.6,4.5,5,2,4.03,19.3,4.32,3.89,0.611,1.86,3.5,1,18.9
F094,Experimental Texture X1,0,0,19,31,0.8,23.0,26.2,0.38,0.028,0,0.072,595.0,9.2,45.3,29.1,30.8,24.2,0.15,50,0.878,0.1,16.2,0.642,0.344,0.5,41.6,1.0,1,79,235,32.15,2.35,33.5,3.75,21.5,57.5,24.5,0.4465,25.227,1.796,0.2389,3.128,49.58,59.76,63.55,0.0387,2.35,2.226,606.8,3.308,57.7475,147.2125,102.48625,21.848,4.371,16.64,10,7.6,11.413,63.55,2.5935,15.808,21.7995,7.891,195.3269,0.111,42.2,28.0,7.09,42.5,10.3,22.0,95.0,4.3,6.2,9.4,6.3,7.9,5.9,4,2,5.34,14.3,5.04,3.987,0.575,1.68,5.2,1,19.2
F095,Experimental Texture X2,0,0,21,33,0.5,21.0,24.5,0.42,0.022,0,0.088,605.0,8.4,46.8,30.2,28.2,22.2,0.15,54,0.857,0.11,16.6,0.645,0.312,0.54,37.8,1.08,1,81,255,32.25,2.45,34.5,3.95,22.5,58.5,25.5,0.5355,24.806,1.819,0.2685,2.856,45.92,55.68,65.17,0.0227,2.45,1.862,514.5,3.076,68.85,172.125,120.4875,22.984,4.155,17.68,10,8.8,12.213,65.17,2.0735,13.133,21.437,6.504,218.4194,0.098,47.4,28.0,6.13,40.3,12.4,22.0,95.0,4.1,7.3,9.0,6.0,7.9,4.1,4,2,5.06,9.5,4.47,3.337,0.58,1.94,4.0,1,16.9
F096,Experimental Flavor Y1,0,0,17,29,1.2,24.0,28.8,0.34,0.038,0,0.142,587.5,10.8,44.2,27.9,33.6,31.6,0.15,46,0.833,0.18,16.3,0.631,0.385,0.46,46.6,0.92,1,77,215,32.05,2.25,32.5,3.55,20.5,56.5,23.5,0.3655,25.871,1.701,0.2071,3.504,53.14,65.28,61.99,0.0517,2.25,3.4128,829.44,3.6464,50.1525,136.225,93.1425,23.024,4.144,16.36,10,28.4,18.253,61.99,3.7776,18.644,22.3435,9.063,181.4963,0.228,45.0,28.0,6.69,43.2,11.8,23.9,95.0,4.7,5.8,9.4,6.0,8.1,4.8,4,3,4.05,18.8,4.0,2.889,0.645,1.84,3.7,1,17.3
F097,Experimental Coating Z1,0,0,23,37,0.3,19.0,20.7,0.46,0.018,0,0.092,615.0,7.6,48.3,32.1,24.4,18.4,0.15,60,0.918,0.11,16.2,0.665,0.256,0.6,34.2,1.2,1,83,275,32.35,2.55,36.5,4.25,23.5,59.5,26.5,0.6325,24.324,1.982,0.3029,2.592,43.16,48.72,67.49,0.0121,2.55,1.3984,393.3,2.7824,86.57,206.25,146.425,22.224,4.298,19.36,10,9.2,12.853,67.49,1.643,11.187,20.999,5.806,249.9375,0.086,47.8,28.0,5.87,38.1,10.9,20.5,95.0,3.7,7.8,8.7,5.9,8.8,5.1,5,1,4.05,9.1,3.07,4.0,0.504,1.97,4.4,1,18.8
F098,Experimental Processing W1,0,0,20,34,0.2,22.0,23.8,0.44,0.024,0,0.086,600.0,8.8,47.2,30.8,29.2,21.2,0.15,54,0.924,0.11,16.4,0.653,0.306,0.54,40.6,1.08,1,91,365,32.45,2.85,41.5,4.95,24.5,64.5,27.5,1.1315,24.451,1.878,0.4516,3.008,44.24,52.16,66.24,0.0074,2.85,1.8656,428.4,3.1856,139.755,302.175,220.965,25.976,3.673,18.88,10,8.6,12.827,66.24,2.2035,13.304,21.149,7.382,332.9188,0.297,48.0,28.0,5.64,41.3,10.8,22.4,95.0,4.1,7.7,8.9,5.8,9.2,5.5,4,1,4.02,13.2,4.02,4.0,0.611,2.03,4.3,1,19.9
F099,Experimental Multi-Phase,0,0,18,32,0.7,20.0,29.3,0.36,0.032,0,0.098,590.0,9.6,45.7,28.6,32.0,27.0,0.15,50,0.683,0.13,17.1,0.626,0.369,0.5,39.2,1.0,1,85,320,32.4,2.7,39.0,4.7,23.0,61.0,26.0,0.8,27.309,1.673,0.394,2.944,49.66,59.68,65.72,0.0344,2.7,2.2356,586.6,3.1556,105.6,253.6,179.6,23.424,4.073,16.36,10,9.8,12.08,65.72,2.6196,17.6,23.612,8.043,279.744,0.185,48.0,28.0,5.59,40.8,11.4,21.8,95.0,4.9,6.5,8.6,6.5,8.6,5.7,4,2,4.95,19.6,3.3,3.173,0.572,1.98,4.8,1,15.3
F100,Ultimate Premium Signature,0,0,26,42,0.0,18.0,14.0,0.52,0.012,0,0.108,640.0,7.2,51.0,34.8,20.0,12.0,0.15,68,1.286,0.12,16.2,0.682,0.171,0.68,32.4,1.36,1,92,380,32.8,3.2,44.0,5.8,26.0,66.0,28.0,1.216,23.741,2.148,0.478,2.016,32.52,36.16,70.59,0.0,3.2,0.864,252.0,2.296,140.8,330.4,235.6,21.032,4.545,23.28,10,10.4,14.56,70.59,1.051,6.558,20.491,4.787,359.232,0.082,48.0,28.0,5.67,37.5,13.5,19.7,95.0,2.9,9.5,8.5,6.0,9.8,4.8,5,1,5.79,5.3,3.41,3.175,0.5,1.52,4.2,1,19.3
